priority,total_cost
Normal,14137269.980000025
Urgent,4197361.94999999
Emergency,2889916.059999992
