project_type,total_cost
CIP,20273749.04999994
CAPACITY,950798.9400000001
